geoid,LATITUDE,LONGITUDE,Y,X
060014001001,37.85941899999975,-122.23038899999999,4190496.5083634043,567699.0816976093
060014002001,37.84984399999975,-122.24865099999998,4189421.058999057,566101.1852845061
060014002002,37.84663799999976,-122.25045499999999,4189064.072636797,565945.3284758355
060014003001,37.84356199999976,-122.248854,4188723.91759891,566088.9324831764
060014003002,37.837846999999755,-122.25458999999998,4188085.7863292936,565589.3093585792
060014003003,37.84021399999977,-122.25997199999999,4188344.6421896885,565113.6547115485
060014003004,37.84000599999975,-122.254207,4188325.599404293,565621.0975072951
060014004001,37.84995299999974,-122.25486199999999,4189428.7738555167,565554.6579358684
060014004002,37.84510099999975,-122.258947,4188887.576932071,565199.5411021824
060014004003,37.85006599999976,-122.258716,4189438.612517961,565215.4921070654
060014005001,37.84953199999975,-122.262905,4189376.446816732,564847.4216244516
060014005002,37.84661599999975,-122.267045,4189050.0451274836,564485.731375463
060014005003,37.84999599999975,-122.267357,4189424.845694826,564455.3386387667
060014006001,37.843359999999755,-122.264514,4188690.5381707763,564711.258307557
060014006002,37.84049199999976,-122.265556,4188371.6081004785,564622.0798687787
060014007001,37.84534899999976,-122.27254499999998,4188905.68570934,564002.9273442623
060014007002,37.84265999999977,-122.27254399999998,4188607.3381791958,564005.3394303051
060014007003,37.84043899999975,-122.271707,4188361.489288178,564080.9057201376
060014007004,37.83837999999975,-122.27168299999998,4188133.0570644564,564084.7989711373
060014008001,37.84802899999973,-122.28455300000002,4189194.8729578624,562944.1477460032
060014008002,37.84536999999977,-122.282446,4188901.2757320874,563131.7884575834
060014008003,37.84279099999977,-122.28226899999999,4188615.25199497,563149.5606937776
060014009001,37.84033099999975,-122.27974600000002,4188344.0209665643,563373.654769178
060014009002,37.83819999999976,-122.280908,4188106.79603029,563273.231906447
060014010001,37.83567199999977,-122.27086500000001,4187833.1626979075,564159.1215278078
060014010002,37.83417299999975,-122.27126200000001,4187666.574211413,564125.4852500889
060014010003,37.83226599999976,-122.27214499999998,4187454.38449192,564049.4331167755
060014010004,37.829038999999774,-122.269557,4187098.1229216326,564279.9734773529
060014010005,37.82677999999977,-122.27330399999998,4186844.9127265415,563952.1776678589
060014010006,37.82977399999976,-122.27489200000001,4187176.014279538,563809.8469531909
060014011001,37.834520999999754,-122.261382,4187712.014250503,564994.5849972608
060014011002,37.82910999999975,-122.26250699999999,4187110.875077155,564900.3293712451
060014011003,37.82530399999976,-122.26422499999998,4186687.4029777846,564752.4669713887
060014011004,37.83260099999975,-122.26488,4187496.5595910903,564688.4512998385
060014012001,37.83420699999974,-122.257122,4187680.1484256694,565369.725409066
060014012002,37.82965199999975,-122.25793999999999,4187174.193402301,565301.75913438
060014012003,37.82681999999977,-122.259879,4186858.626034939,565133.6129338611
060014013001,37.820679999999754,-122.26657200000001,4186172.7413626323,564549.9419519505
060014013002,37.814650999999735,-122.269615,4185501.7204642943,564287.3486936918
060014013003,37.81494599999975,-122.266711,4185536.4528076146,564542.7008946174
060014014001,37.82382599999975,-122.272891,4186517.446240696,563991.0746653294
060014014002,37.821360999999754,-122.27374999999999,4186243.3641124875,563917.6011097665
060014014003,37.815468999999766,-122.273119,4185590.0733688553,563978.2219428625
060014015001,37.82537699999977,-122.280503,4186684.3446908654,563319.8271230338
060014015002,37.822666999999754,-122.280421,4186383.723214851,563329.3595235607
060014015003,37.82080699999976,-122.28049,4186177.307770869,563324.8760635026
060014016001,37.81750299999975,-122.27959199999998,4185811.3351471866,563406.7374716696
060014016002,37.815623999999765,-122.27965699999999,4185602.8144696276,563402.6235576905
060014017001,37.824398999999765,-122.28628599999999,4186571.9308436695,562811.7125781802
060014017002,37.81201199999977,-122.298625,4185189.3601057446,561736.0986607537
060014017003,37.82202299999976,-122.30036499999999,4186298.939434436,561574.6228218398
060014018001,37.810801999999754,-122.297129,4185056.0992206763,561868.7902295229
060014018002,37.808198999999746,-122.29963500000001,4184765.638833275,561650.366201039
060014022001,37.80998299999976,-122.293759,4184967.4670561,562166.118078339
060014022002,37.806887999999766,-122.29467199999999,4184623.4681157484,562088.3427377217
060014022003,37.80425799999975,-122.29771299999999,4184329.652470489,561822.8399252493
060014024001,37.81239799999976,-122.28262399999998,4185242.8783562565,563144.220616251
060014024002,37.81005699999974,-122.281585,4184983.845333682,563237.6724285618
060014025001,37.80582099999974,-122.28516999999998,4184511.4387290035,562925.6974002885
060014025002,37.80377299999977,-122.28520299999998,4184284.1897708043,562924.5301445266
060014026001,37.80478199999974,-122.27965699999999,4184399.887073698,563411.8955591351
060014027001,37.80915399999975,-122.27568099999999,4184887.6683055186,563758.1487994116
060014027002,37.81081799999974,-122.278355,4185070.4693665104,563521.3413285482
060014028001,37.80730699999975,-122.274093,4184683.8269408406,563899.5259785255
060014028002,37.809675999999776,-122.271678,4184948.323069829,564110.0661040517
060014029001,37.804260999999755,-122.26711899999998,4184350.662232974,564516.0857019877
060014030001,37.80048799999976,-122.27233999999999,4183928.4546552943,564059.7296189717
060014030002,37.80117299999975,-122.268501,4184007.09367833,564397.1067888136
060014031001,37.80109899999973,-122.27650199999998,4183993.4013032843,563692.797303547
060014033001,37.79391099999975,-122.26847299999999,4183201.3902560566,564405.8768250064
060014033002,37.79810099999977,-122.266899,4183667.3584015975,564540.8129463725
060014034001,37.80486399999976,-122.26260599999999,4184420.690227436,564912.8462793259
060014034002,37.803223999999766,-122.265019,4184237.0580156716,564701.8576083351
060014034003,37.80264799999975,-122.262659,4184174.786719983,564910.1201707339
060014034004,37.80319699999978,-122.26377699999999,4184234.92282369,564811.218475305
060014035011,37.81437799999973,-122.26215299999998,4185476.590743034,564944.3905212465
060014035012,37.81881299999976,-122.258509,4185971.196998986,565261.2307117684
060014035013,37.822276999999744,-122.256557,4186356.8965444937,565429.9773931188
060014035021,37.81452999999977,-122.25860099999998,4185495.929860114,565256.9037802753
060014035022,37.81716099999975,-122.255353,4185790.1150003243,565540.4659928777
060014036001,37.81358499999977,-122.25199299999998,4185395.716467744,565839.3782268262
060014036002,37.81442599999975,-122.25418699999999,4185487.482642011,565645.5154721199
060014036003,37.81252599999976,-122.255251,4185275.9289937904,565553.5422680716
060014037011,37.812271999999766,-122.25863699999998,4185245.3776308787,565255.7225927897
060014037012,37.81056099999975,-122.25802399999999,4185055.968963746,565311.1876221285
060014037021,37.80979199999976,-122.25113099999999,4184975.4874023567,565918.6246560852
060014037022,37.80919099999975,-122.25450899999998,4184906.4286409137,565621.806461175
060014038001,37.81583299999973,-122.236203,4185656.3769576633,567227.1916133022
060014038002,37.813482999999756,-122.24235799999998,4185391.2316852855,566687.5524506532
060014038003,37.81204599999976,-122.245256,4185229.730985986,566433.7548361928
060014038004,37.81603999999973,-122.24321599999999,4185674.3214449985,566609.7326916121
060014039001,37.819668999999756,-122.24899299999998,4186072.8602997153,566098.0159166427
060014039002,37.81674099999976,-122.24762999999999,4185748.96075801,566220.5945292428
060014039003,37.81568499999976,-122.24990599999998,4185630.185962115,566021.2077658435
060014040001,37.82147299999975,-122.25128300000002,4186271.3984671854,565894.8604515229
060014040002,37.82387199999977,-122.25433499999998,4186535.4219680983,565624.1246554834
060014041011,37.83014199999976,-122.247696,4187235.770168338,566202.8127905574
060014041012,37.83048099999977,-122.25251,4187269.9817798915,565778.8733927086
060014041021,37.82515699999975,-122.24970099999999,4186681.2593381335,566030.8123062964
060014041022,37.82682499999977,-122.25301900000001,4186863.985885668,565737.3245036319
060014042001,37.840464999999774,-122.22892999999999,4188394.588004035,567844.7916375393
060014042002,37.83786799999977,-122.228196,4188106.9802996507,567911.7568811281
060014042003,37.835000999999735,-122.23178299999998,4187786.2802066808,567598.7450194833
060014043001,37.84688499999975,-122.23538,4189102.2311001727,567271.4292653543
060014043002,37.844617999999755,-122.24148999999998,4188846.319597149,566735.9054056252
060014043003,37.840583999999765,-122.24421200000002,4188396.7993759224,566500.0347746317
060014044001,37.84897699999975,-122.220011,4189345.525815122,568621.678903301
060014044002,37.83729399999976,-122.21701699999998,4188051.48169245,568895.9566652111
060014044003,37.844040999999756,-122.209059,4188805.973107305,569589.8652366031
060014045011,37.82621499999974,-122.215638,4186823.2681797952,569027.6209295412
060014045021,37.840542999999776,-122.20387700000002,4188421.7381720394,570049.112368237
060014045022,37.835091999999776,-122.20657,4187814.9240683224,569817.295354611
060014045023,37.83667999999977,-122.19521299999998,4187999.6655425555,570815.1444664221
060014045024,37.829620999999776,-122.20516399999998,4187208.959892416,569946.182563504
060014046001,37.830630999999755,-122.192909,4187330.268213926,571023.6815382561
060014046002,37.82931599999976,-122.19040800000002,4187186.2713810024,571245.0366882334
060014046003,37.82349599999976,-122.19202199999998,4186539.303548733,571108.5853470428
060014046004,37.81698699999977,-122.19441699999999,4185815.300491372,570904.0292048991
060014047001,37.81192399999975,-122.210056,4185241.8023455827,569532.2768133711
060014047002,37.81233999999976,-122.20542699999999,4185291.4124062713,569939.3437216626
060014048001,37.80342999999973,-122.21226,4184297.746283849,569346.2170450772
060014048002,37.80603899999976,-122.21433299999998,4184585.6814654507,569161.2908580465
060014049001,37.80740699999975,-122.217502,4184735.1221531983,568881.052592145
060014049002,37.80213999999976,-122.21924499999999,4184149.460175073,568732.5004377764
060014049003,37.80192299999977,-122.225194,4184121.0259571644,568208.9813920722
060014049004,37.80484199999976,-122.22331799999999,4184446.2623421284,568371.443848384
060014050001,37.81043499999976,-122.219168,4185069.855375814,568731.5901861137
060014050002,37.80942699999974,-122.223365,4184954.938258976,568363.0791359287
060014050003,37.80592399999976,-122.23151499999999,4184560.3465817235,567648.8626085215
060014051001,37.81104999999975,-122.22619899999998,4185132.9424706786,568112.1222631774
060014051002,37.80972099999976,-122.231877,4184981.3653775826,567613.5332814906
060014051003,37.809742999999756,-122.237632,4184979.658206003,567106.9256637271
060014051004,37.813126999999774,-122.237432,4185355.259954226,567121.4670648735
060014051005,37.81373599999978,-122.23126999999998,4185427.273076426,567663.3004649116
060014052001,37.80436899999975,-122.23965799999999,4184381.9552783435,566933.4364542513
060014052002,37.802701999999755,-122.24677,4184191.9310695115,566308.8435117041
060014052003,37.80579299999976,-122.244955,4184536.1691286596,566465.8547261229
060014052004,37.80724099999977,-122.24774699999999,4184694.8440709063,566218.7811362203
060014053011,37.80266599999976,-122.25067100000001,4184185.176576444,565965.4551790591
060014053012,37.80123699999977,-122.252877,4184025.0734450887,565772.5195468593
060014053021,37.798949999999756,-122.25612099999998,4183769.051609758,565488.9512134874
060014053022,37.79772199999976,-122.25274500000002,4183635.17476654,565787.257819009
060014054011,37.79775899999975,-122.24789399999999,4183642.704947402,566214.3060149505
060014054012,37.796201999999745,-122.249384,4183468.9004485332,566084.5138054449
060014054013,37.79500999999975,-122.25120899999999,4183335.3587888246,565924.8971229942
060014054021,37.792716999999776,-122.246611,4183084.2014783216,566331.7692760386
060014054022,37.79467099999976,-122.244229,4183302.6916710315,566539.7417763633
060014055001,37.79594899999975,-122.240585,4183447.086516991,566859.420428376
060014055002,37.797312999999754,-122.24221299999999,4183597.260140572,566714.8613320477
060014055003,37.79870899999979,-122.244064,4183750.827903018,566550.6461352762
060014055004,37.800581999999764,-122.24518599999999,4183957.84038112,566450.188688655
060014056001,37.80237799999975,-122.234435,4184164.8053155607,567395.0369525485
060014056002,37.799392999999746,-122.23708,4183831.7133788257,567164.8891088597
060014056003,37.80112499999975,-122.24011,4184021.7072859844,566896.5720751551
060014057001,37.79993399999974,-122.22960299999998,4183897.1364952633,567822.6540536791
060014057002,37.79621599999977,-122.22757699999998,4183486.093372423,568004.4262480793
060014057003,37.79723599999974,-122.23121499999999,4183596.6228916463,567683.199763676
060014058001,37.791877999999755,-122.23035000000002,4183002.775614049,567764.2488852944
060014058002,37.79351499999976,-122.23262699999998,4183182.7538919575,567562.2753994932
060014058003,37.79479799999976,-122.23473,4183323.5858986657,567375.9517209633
060014058004,37.796393999999744,-122.23648799999998,4183499.3976562573,567219.7252452918
060014059011,37.78585299999975,-122.237702,4182328.9951225026,567122.3784782679
060014059012,37.78948799999975,-122.23420299999998,4182734.8179283123,567427.176272486
060014059013,37.78768299999976,-122.236513,4182532.88877771,567225.4167975965
060014059021,37.79280399999973,-122.239152,4183099.1725634923,566988.424421863
060014059022,37.78949299999976,-122.242549,4182729.386611657,566692.3092650645
060014060001,37.78571699999976,-122.24508699999998,4182308.6302262982,566472.2217708613
060014060002,37.791664999999774,-122.252357,4182963.4202717985,565826.7916246192
060014060003,37.795333999999734,-122.255716,4183368.1380628473,565527.8009680341
060014061001,37.77464599999974,-122.222042,4181096.9298524125,568511.6483082258
060014061002,37.77250999999976,-122.22425199999999,4180858.323295579,568318.9850295607
060014061003,37.772608999999754,-122.232727,4180863.150808007,567572.5028298732
060014061004,37.77874799999976,-122.23419999999999,4181543.2117854543,567437.1991154384
060014062011,37.78690699999975,-122.228809,4182452.3581022974,567904.4782691513
060014062012,37.78566499999976,-122.23169500000002,4182312.4655348333,567651.4902384669
060014062013,37.784162999999765,-122.23002299999999,4182147.0288478113,567800.0891645345
060014062014,37.78307899999978,-122.23288799999999,4182024.6850506472,567548.7952954606
060014062021,37.783335999999764,-122.22771399999999,4182056.94945881,568004.1683457595
060014062022,37.780081999999766,-122.227979,4181695.723878409,567983.8137792554
060014062023,37.78300499999976,-122.224945,4182022.2421692763,568248.3026461251
060014063001,37.787708999999765,-122.22224999999999,4182546.124125184,568481.2764085388
060014063002,37.788359999999756,-122.225044,4182616.310291638,568234.6608835225
060014063003,37.79035999999975,-122.225227,4182838.0780563415,568216.7087603419
060014063004,37.79044499999977,-122.228173,4182845.363462914,567957.2394622302
060014064001,37.79473099999975,-122.219253,4183327.4193873773,568738.6618527239
060014064002,37.79419999999975,-122.22316299999999,4183265.6367724314,568394.901194379
060014065001,37.790996999999756,-122.21594999999999,4182915.5629709917,569032.9440877478
060014065002,37.787767999999765,-122.21305,4182559.4482956724,569291.298660262
060014065003,37.785414999999766,-122.21890499999999,4182294.0585548445,568777.9360683501
060014065004,37.78872799999974,-122.218847,4182661.6807213183,568779.9723744027
060014066011,37.79118099999977,-122.207741,4182942.0709405015,569755.5572402719
060014066012,37.79244499999976,-122.211628,4183079.4197424543,569412.1328410108
060014066013,37.79633499999975,-122.207554,4183514.0511555737,569767.1750639039
060014066014,37.79399299999978,-122.20399,4183256.8699984085,570083.168248458
060014066021,37.79758199999977,-122.213841,4183647.733419383,569212.4934686674
060014066022,37.79405899999975,-122.215592,4183255.558633872,569061.6148821443
060014067001,37.805342999999766,-122.198499,4184520.294638462,570555.8230450886
060014067002,37.79945099999976,-122.200842,4183864.804866283,570355.1555104248
060014067003,37.79978699999976,-122.20794899999999,4183896.7590322243,569729.1534350332
060014067004,37.802997999999754,-122.20408199999999,4184255.914432667,570066.561308892
060014067005,37.80424499999979,-122.207587,4184391.648700579,569756.8298766784
060014068001,37.80142399999976,-122.19092800000001,4184091.2195087723,571226.0701335877
060014068002,37.798288999999755,-122.19402999999998,4183741.028728596,570955.9823414295
060014068003,37.79410399999975,-122.19645799999999,4183274.8586814394,570746.2137191448
060014068004,37.79644399999975,-122.19917000000001,4183532.435020465,570505.2132689429
060014069001,37.797332999999746,-122.18901299999999,4183638.7796204668,571398.5965515116
060014069002,37.79298399999976,-122.18914199999999,4183156.1551981242,571391.4245421232
060014069003,37.79058799999976,-122.194238,4182886.4375793366,570945.0344344825
060014070001,37.79043599999976,-122.199481,4182865.607510403,570483.5401266001
060014070002,37.78661699999976,-122.200409,4182441.1872079307,570405.4544594191
060014070003,37.784796999999756,-122.20400099999999,4182236.558264774,570090.8861303198
060014070004,37.78769399999976,-122.207197,4182555.5916197747,569806.7357854412
060014070005,37.78940199999976,-122.20354,4182747.83214087,570127.1275859642
060014071011,37.782187999999756,-122.216127,4181938.0679382253,569025.5531119932
060014071012,37.784719999999766,-122.21224200000002,4182221.8697280055,569365.293616853
060014071021,37.78388799999975,-122.20827099999998,4182132.511969677,569715.7434810792
060014071022,37.779345999999755,-122.21155800000001,4181626.128801855,569430.5506948218
060014071023,37.78067799999977,-122.213013,4181772.835707071,569301.1770493818
060014071024,37.777817999999755,-122.21027999999998,4181457.5459557152,569544.5253156719
060014072001,37.77525799999976,-122.21553699999998,4181169.616523496,569083.9571006126
060014072002,37.77717299999974,-122.218038,4181380.242212903,568861.9259330642
060014072003,37.78090199999974,-122.22080899999999,4181791.9398772293,568614.4523939448
060014072004,37.778506999999756,-122.222305,4181525.116850686,568484.9244764118
060014073001,37.76507599999977,-122.205852,4180047.117347272,569946.4742405904
060014073002,37.76786499999975,-122.211851,4180352.0892268876,569415.4825026586
060014074001,37.77025799999977,-122.203423,4180623.8812475437,570155.5217060064
060014074002,37.77086999999975,-122.207671,4180688.605275858,569780.8138863973
060014074003,37.772291999999766,-122.211319,4180843.661500939,569458.1972528788
060014075001,37.77034499999974,-122.194311,4180640.407305321,570957.9569428989
060014075002,37.76785999999976,-122.19899000000001,4180361.1562020862,570548.2262156424
060014075003,37.77133499999976,-122.19801999999999,4180747.4410789204,570630.3538855396
060014076001,37.78171299999975,-122.199993,4181897.3981839856,570446.7396254287
060014076002,37.77943999999976,-122.203102,4181642.8698150096,570175.11295278
060014076003,37.77446199999975,-122.200642,4181092.4066226813,570396.4655778683
060014076004,37.77475599999975,-122.20530699999999,4181121.5250816117,569985.3526773043
060014076005,37.77719299999973,-122.20766,4181390.1533878306,569775.8396194606
060014077001,37.77423999999978,-122.19030399999998,4181075.607088878,571307.1229407032
060014077002,37.77540999999977,-122.195622,4181201.3780796505,570837.6608849104
060014077003,37.77911399999975,-122.196436,4181611.722952962,570762.44366055506
060014077004,37.77812499999977,-122.19206899999999,4181505.3060943387,571147.9593001851
060014078001,37.78044599999975,-122.181481,4181770.930696954,572078.1209523008
060014078002,37.781555999999746,-122.19011199999998,4181887.468624401,571317.0026737782
060014078003,37.78406399999975,-122.19652,4182160.865355343,570750.3276418144
060014079001,37.790564999999745,-122.18240999999999,4182892.9269032935,571986.4959008729
060014079002,37.78679699999975,-122.18491999999999,4182472.934243095,571769.1381738487
060014079003,37.787629999999766,-122.18999099999999,4182561.476065875,571321.8201017062
060014080001,37.806789999999765,-122.184747,4184691.3116138563,571765.0262213553
060014080002,37.800378999999765,-122.18096600000001,4183982.9134395593,572104.098458961
060014081001,37.79298899999975,-122.15603199999998,4183182.5102312746,574306.6182749512
060014081002,37.78183699999976,-122.164991,4181938.1013669674,573528.8645969591
060014081003,37.774528999999745,-122.137237,4181149.456906991,575980.3404126747
060014081004,37.77806299999976,-122.148241,4181532.674994269,575007.6698182264
060014082001,37.77750699999975,-122.177155,4181448.1894797254,572461.9406858638
060014082002,37.77226299999976,-122.17394699999998,4180868.8543060925,572749.5894562661
060014082003,37.77492799999977,-122.17897,4181160.6428272626,572304.6160948055
060014083001,37.77726299999976,-122.16992300000001,4181426.745595838,573099.0614919491
060014083002,37.77104699999977,-122.15984799999998,4180744.998007068,573992.5071594187
060014083003,37.769535999999746,-122.163212,4180574.695628478,573697.7328350176
060014083004,37.76539099999976,-122.16468,4180113.6495310236,573572.547272483
060014083005,37.768707999999755,-122.168486,4180478.6862294916,573234.0486102614
060014084001,37.766647999999755,-122.173018,4180246.5894604484,572836.9147234416
060014084002,37.76452999999976,-122.17145,4180012.818199397,572977.1009784704
060014084003,37.76316099999975,-122.16871599999999,4179863.0631878846,573219.2604161557
060014085001,37.763215999999744,-122.178034,4179861.9134802874,572398.4656888075
060014085002,37.76031299999975,-122.174318,4179542.706495314,572728.617934138
060014085003,37.75754099999977,-122.17870899999998,4179231.7476297,572344.5381221083
060014085004,37.758853999999765,-122.180746,4179375.8523880085,572163.8275318248
060014085005,37.76047999999975,-122.18254899999998,4179554.868588438,572003.4316799624
060014086001,37.76761499999977,-122.178963,4180349.266285607,572312.3546833171
060014086002,37.76612599999975,-122.18475799999999,4180179.596990963,571803.3944698332
060014086003,37.763146999999755,-122.18465399999998,4179849.155382811,571815.4352431091
060014086004,37.761403999999764,-122.188612,4179652.737838298,571468.4870799802
060014087001,37.773564999999735,-122.184676,4181005.0211755754,571803.4226638725
060014087002,37.76898099999975,-122.184877,4180496.2693888806,571790.1530121444
060014087003,37.764452999999754,-122.191512,4179988.8141737534,571210.122203659
060014087004,37.76563299999977,-122.19646199999998,4180115.979202454,570773.0036103547
060014087005,37.76779599999976,-122.192464,4180358.9972546147,571123.068587322
060014087006,37.769813999999755,-122.188447,4180585.957255225,571474.926000817
060014088001,37.75807799999975,-122.191179,4179281.7591659413,571245.5675363748
060014088002,37.756426999999746,-122.197458,4179093.817570715,570694.0394012213
060014088003,37.75950899999976,-122.195894,4179436.949125856,570828.8720119401
060014088004,37.76202099999974,-122.199628,4179712.8360145204,570497.5766650992
060014089001,37.75478199999976,-122.18358799999999,4178921.874396965,571917.4283088912
060014089002,37.75634999999978,-122.18784199999999,4179092.5833226983,571541.1786587934
060014090001,37.73664499999976,-122.18655700000001,4176907.2945366097,571673.3757921619
060014090002,37.729485999999746,-122.203969,4176099.8159845667,570145.9135277462
060014090003,37.732429999999745,-122.19208099999999,4176435.4256337527,571190.6777629146
060014090004,37.72000999999977,-122.22136699999999,4175035.5659603043,568621.5276537307
060014091001,37.73184199999975,-122.18219799999999,4176377.748600014,572062.1140508193
060014091002,37.732315999999734,-122.18441599999998,4176428.633848398,571866.2094321643
060014092001,37.72977199999974,-122.176228,4176152.69448582,572590.201470884
060014092002,37.72892199999975,-122.18082199999999,4176054.8350737146,572186.1996019362
060014093001,37.741588999999756,-122.17140699999999,4177467.5398565712,573003.4269378483
060014093002,37.737087999999744,-122.169748,4176969.44871554,573154.0257148057
060014093003,37.738628999999754,-122.174826,4177136.46637246,572705.0848822141
060014093004,37.73384399999974,-122.173483,4176606.6145321648,572828.1045511233
060014094001,37.745092999999756,-122.17335499999999,4177854.7915817495,572828.361137686
060014094002,37.74452799999976,-122.178314,4177788.257391082,572392.0103710195
060014094003,37.74784299999975,-122.17626799999998,4178157.6417948,572569.0325529473
060014095001,37.749802999999744,-122.18358799999999,4178369.453121039,571922.2479510605
060014095002,37.753106999999765,-122.180526,4178738.3905181373,572188.7909200737
060014095003,37.750259999999756,-122.17855499999999,4178424.0375002827,572365.1953377188
060014096001,37.75677299999975,-122.172793,4179151.128528837,572866.419504251
060014096002,37.75353099999976,-122.170486,4178793.226511538,573072.8292728595
060014096003,37.75042299999975,-122.16960899999998,4178449.0780957597,573153.1465915148
060014096004,37.75041899999976,-122.17276999999999,4178446.1679407237,572874.677881374
060014096005,37.75468599999975,-122.17564899999999,4178917.3547612587,572616.877832224
060014097001,37.75939099999977,-122.165115,4179447.6041221917,573540.1738260254
060014097002,37.75264999999974,-122.16419199999999,4178700.4130305136,573628.1578624956
060014097003,37.75514799999976,-122.16560799999999,4178976.4539016313,573500.945685779
060014097004,37.75828999999975,-122.16912699999999,4179322.3016882376,573187.8585626894
060014098001,37.76376199999976,-122.157985,4179938.1975094993,574163.8607799456
060014098002,37.75795499999976,-122.15986100000002,4179292.4219488753,574004.4071971473
060014098003,37.75769699999977,-122.15236400000002,4179269.7530343807,574665.0587030696
060014099001,37.766678999999755,-122.144938,4180272.264351814,575310.0909962095
060014099002,37.75822999999977,-122.14596699999998,4179334.0139375804,575228.0170253814
060014099003,37.76269399999975,-122.133164,4179839.669572817,576351.2097441693
060014099004,37.75296699999976,-122.12194999999998,4178769.6626049494,577349.090051549
060014100001,37.735245999999755,-122.135024,4176792.782927654,576215.5253424251
060014100002,37.74726199999976,-122.13577399999998,4178125.3523910567,576137.1297377291
060014100003,37.750479999999776,-122.14333399999998,4178476.2673349907,575467.8230827119
060014101001,37.75049399999973,-122.15634899999999,4178467.404132823,574321.2340879701
060014101002,37.74519699999975,-122.15185699999999,4177883.2770495666,574722.2893030825
060014102001,37.74931299999976,-122.160495,4178333.087011867,573957.1620568905
060014102002,37.74372599999978,-122.155996,4177716.7726071305,574359.1041528487
060014102003,37.74094399999975,-122.153256,4177410.2894051922,574603.3026285366
060014103001,37.748664999999754,-122.164476,4178258.0524548185,573607.0868609656
060014103002,37.746689999999774,-122.16545899999998,4178038.1529070516,573522.4400872913
060014103003,37.745484999999746,-122.168793,4177901.8438690365,573229.8993544914
060014104001,37.74307499999975,-122.160423,4177641.035960571,573969.7139481106
060014104002,37.73987199999975,-122.15901599999998,4177286.775330303,574096.87093019
060014104003,37.740757999999765,-122.164774,4177380.5345642343,573588.6625074381
060014105001,37.80709899999975,-122.28982299999998,4184650.111045522,562515.0162336623
060014201001,37.89544399999974,-122.29328799999999,4194449.798035561,562135.806388685
060014201002,37.89535899999975,-122.28852999999998,4194443.547314046,562554.2183587372
060014201003,37.89235299999976,-122.28996099999999,4194109.066331272,562430.938400555
060014202001,37.89741999999974,-122.298091,4194665.850903523,561711.8600769562
060014202002,37.89307699999978,-122.29573,4194185.550347276,561923.0800672895
060014202003,37.892879999999764,-122.29836,4194161.9501546244,561691.998325598
060014203001,37.89110799999976,-122.300997,4193963.6023462433,561461.6093345587
060014203002,37.89491799999975,-122.30488899999999,4194383.772640522,561116.2411620782
060014203003,37.88883099999977,-122.30484199999998,4193708.4382449775,561125.4064197633
060014204001,37.884852999999765,-122.303068,4193268.2351240246,561284.6936566706
060014205001,37.88874499999976,-122.295958,4193704.754543772,561906.660338389
060014205002,37.88510299999977,-122.29463599999998,4193301.5453525577,562025.9608561348
060014206001,37.886021999999755,-122.285195,4193409.8288611406,562855.3816308107
060014206002,37.88714799999977,-122.287342,4193533.316573733,562665.6314352825
060014206003,37.88787499999975,-122.29068699999999,4193611.7371374154,562370.8809960006
060014211001,37.90074699999977,-122.26449499999998,4195057.749977462,564662.749735987
060014211002,37.89826499999975,-122.26733499999999,4194780.400804362,564415.2278293271
060014212001,37.901893999999764,-122.272371,4195179.5810035635,563969.3201830836
060014212002,37.89313699999977,-122.272777,4194207.6928159394,563941.2017315861
060014212003,37.89704299999977,-122.277858,4194637.601701887,563491.0929170168
060014212004,37.90043199999978,-122.27682499999999,4195014.322905259,563579.0005203183
060014213001,37.895760999999766,-122.281994,4194492.553537835,563128.5438868887
060014213002,37.89330799999976,-122.28458399999998,4194218.6379679614,562902.910309685
060014213003,37.88558899999977,-122.278905,4193366.042973364,563408.8625570463
060014213004,37.887343999999764,-122.28040100000001,4193559.748214502,563275.8094737119
060014214001,37.88928699999975,-122.268966,4193783.145790396,564279.6365282438
060014214002,37.887247999999765,-122.273121,4193554.059455544,563916.0462125925
060014215001,37.89399599999975,-122.256443,4194314.3231983045,565376.6314294651
060014215002,37.892224999999755,-122.262715,4194113.449249773,564826.716541087
060014215003,37.88803299999976,-122.262142,4193648.735636269,564880.7777788076
060014216001,37.88575499999977,-122.250375,4193404.2351363273,565917.5102197428
060014216002,37.88369399999976,-122.25528899999999,4193172.1020102985,565487.221836938
060014216003,37.883260999999756,-122.264424,4193117.6871961933,564684.2903343274
060014216004,37.88049099999975,-122.262349,4192811.7903967593,564869.1917006033
060014217001,37.883480999999755,-122.270663,4193137.789587179,564135.4536680806
060014217002,37.88098099999977,-122.27022899999999,4192860.707790972,564175.7881897443
060014217003,37.87920999999976,-122.26979699999998,4192664.5089269476,564215.316329941
060014218001,37.880707999999764,-122.275581,4192826.7502755146,563705.3642245267
060014218002,37.87924399999974,-122.28015,4192661.2069021417,563304.8144850325
060014219001,37.880542999999776,-122.28700099999999,4192800.7076126332,562701.2169999947
060014219002,37.87758399999975,-122.28697099999998,4192472.4210190666,562706.363962643
060014219003,37.87910199999975,-122.291559,4192637.772770728,562301.594723368
060014219004,37.881217999999755,-122.293356,4192871.3487062007,562141.7832861562
060014220001,37.85823799999977,-122.29313100000002,4190321.828121377,562180.8805655155
060014220002,37.87656499999976,-122.302498,4192349.040625508,561341.6912262896
060014221001,37.876531999999756,-122.29782399999999,4192348.4620019924,561752.7779891362
060014221002,37.87144099999975,-122.29602099999998,4191784.801185238,561915.6055894289
060014222001,37.874605999999766,-122.288063,4192141.2731014164,562612.8490780174
060014222002,37.87129399999976,-122.285643,4191775.427132043,562828.496834584
060014222003,37.87149299999975,-122.29046199999999,4191794.2732620975,562404.487123897
060014223001,37.87638299999977,-122.27747699999999,4192345.5901745525,563542.3435438001
060014223002,37.87425599999975,-122.27731400000002,4192109.7064547474,563558.5063852223
060014223003,37.87174799999975,-122.277758,4191831.1368564027,563521.610669605
060014224001,37.87547399999974,-122.267273,4192251.732211173,564440.5391425708
060014224002,37.87342199999976,-122.270765,4192021.6531640287,564135.2060611502
060014224003,37.87606999999976,-122.2715,4192314.949029903,564068.269418323
060014225001,37.87847299999977,-122.261301,4192588.618189902,564963.1268598894
060014225002,37.876571999999776,-122.25666999999999,4192380.932494061,565372.0749711843
060014225003,37.876252999999764,-122.26189,4192341.8947423487,564913.2762639694
060014226001,37.87209699999974,-122.251152,4191888.3020385546,565861.3459496243
060014227001,37.868037999999736,-122.247227,4191440.7250917237,566210.1879372201
060014227002,37.867268999999766,-122.25060899999998,4191353.009244176,565913.4047780593
060014227003,37.867697999999756,-122.25292299999998,4191398.9759735963,565709.4908209024
060014228001,37.866919999999766,-122.256172,4191310.372975285,565424.407494405
060014228002,37.86712099999977,-122.259867,4191330.0906738206,565099.2273667563
060014228003,37.86603699999976,-122.26322799999998,4191207.479964028,564804.5521651382
060014229001,37.86579999999975,-122.26755999999999,4191178.1854888354,564423.7218535239
060014229002,37.868340999999745,-122.26920799999999,4191458.9778355528,564276.5582290058
060014230001,37.86961399999976,-122.27761499999998,4191594.4629975455,563536.0204328198
060014230002,37.86578299999978,-122.274794,4191171.3308928865,563787.4421594944
060014230003,37.865301999999765,-122.27910799999998,4191115.0236733304,563408.399874764
060014231001,37.86862299999975,-122.285818,4191478.9571695426,562815.3729366246
060014231002,37.866089999999765,-122.286275,4191197.6090007117,562777.3263847798
060014231003,37.86432599999976,-122.28621999999999,4191001.9272408755,562783.6607751774
060014231004,37.862579999999774,-122.285412,4190808.749456821,562856.2159105624
060014232001,37.86637799999979,-122.293983,4191224.406777245,562099.1011947882
060014232002,37.862508999999754,-122.293404,4190795.520350678,562153.2784870785
060014233001,37.860458999999764,-122.284825,4190573.8165189414,562909.6529077343
060014233002,37.85681299999975,-122.282534,4190170.8335010433,563114.2900357732
060014233003,37.85457699999977,-122.284703,4189921.2817832865,562925.3850110206
060014234001,37.86199299999975,-122.276328,4190749.7766784714,563655.7734011201
060014234002,37.860166999999755,-122.27599999999998,4190547.402674235,563686.1967017369
060014234003,37.85755099999975,-122.27554599999999,4190257.4630655437,563728.3854854857
060014234004,37.855032999999764,-122.275942,4189977.816756287,563695.7166476413
060014235001,37.862000999999765,-122.268167,4190756.260961077,564373.6355418051
060014235002,37.85863899999975,-122.26793,4190383.4048315473,564397.4081537654
060014235003,37.856274999999734,-122.26764699999998,4190121.310406564,564424.3605110709
060014236011,37.85995399999973,-122.25783200000001,4190536.320328069,565284.5430882935
060014236012,37.85748099999976,-122.259416,4190260.8301328286,565147.3818750434
060014236021,37.86383899999975,-122.261974,4190964.479272476,564916.780519156
060014236022,37.864451999999766,-122.255837,4191036.778636808,565456.0564493792
060014236023,37.862326999999745,-122.258996,4190798.7954558865,565180.0608228124
060014237001,37.86359499999974,-122.24893899999998,4190946.5526168006,566063.5734067461
060014237002,37.859512999999765,-122.249862,4190492.9943837547,565986.024405612
060014237003,37.86388399999977,-122.25261600000002,4190976.0216402095,565739.8819512468
060014238001,37.85519499999977,-122.23867699999998,4190021.8696398297,566973.8362765366
060014238002,37.854300999999765,-122.24491,4189918.2256773305,566426.3114898802
060014238003,37.85498399999977,-122.25036499999999,4189990.138486491,565945.8122773886
060014239011,37.85395199999977,-122.26424,4189865.9263730766,564726.106192179
060014239012,37.85162499999975,-122.26869499999998,4189604.6629090263,564336.2089230781
060014239021,37.85457599999976,-122.25432,4189942.083912676,565598.2453501966
060014239022,37.85429899999975,-122.25974799999999,4189907.5503070843,565120.9755726196
060014240011,37.85278599999977,-122.27519500000001,4189729.0185755887,563763.3668940655
060014240012,37.85141499999976,-122.27437200000001,4189577.466451169,563836.9519418644
060014240013,37.850108999999755,-122.27467500000002,4189432.35670143,563811.4208739168
060014240014,37.84773899999975,-122.275008,4189169.1742626186,563784.1660498431
060014240021,37.851738999999775,-122.282481,4189607.9014550583,563123.2789685996
060014240022,37.84886599999975,-122.280381,4189290.5598262986,563310.4842862984
060014251011,37.83733699999975,-122.30326199999999,4187996.1363957818,561306.9829501637
060014251012,37.838471999999754,-122.301577,4188123.1732499097,561454.3086738649
060014251021,37.84498199999976,-122.29520399999998,4188849.6780367624,562009.6255897264
060014251022,37.84116399999975,-122.296204,4188425.4027697053,561924.8345975972
060014251023,37.83659999999976,-122.292304,4187921.6149094594,562271.8249470214
060014251031,37.84450599999975,-122.29230699999998,4188798.7929324266,562264.9139943329
060014251032,37.84577999999974,-122.28947799999999,4188942.0349354674,562512.7454149665
060014251033,37.841930999999775,-122.28719600000001,4188516.5136214867,562716.7812990418
060014251041,37.83482499999976,-122.278571,4187733.9216078795,563481.7606619048
060014251042,37.83109599999977,-122.283456,4187316.8761053863,563055.0758936426
060014261001,37.82932299999975,-122.22958200000001,4187157.8933152743,567797.6194444188
060014261002,37.81824799999974,-122.228203,4185930.109761935,567929.1257999613
060014261003,37.81629599999975,-122.21831000000002,4185720.7713902164,568801.6759412247
060014261004,37.81951399999975,-122.234477,4186066.0311941183,567375.7653762838
060014261005,37.82520199999976,-122.22777499999998,4186701.975884498,567960.4193930281
060014261006,37.82141099999975,-122.22003499999998,4186287.018193655,568645.107640005
060014262001,37.827968999999776,-122.239921,4187000.211784684,566888.9851101594
060014262002,37.82226699999975,-122.239465,4186367.8945337427,566934.265089386
060014262003,37.82357399999978,-122.245902,4186508.315569773,566366.5695872343
060014271001,37.76702899999975,-122.236403,4180241.3992526084,567253.8124902196
060014271002,37.763246999999765,-122.22982899999998,4179826.532435122,567836.2809333487
060014271003,37.76339099999974,-122.228847,4179843.2217739234,567922.6446304991
060014272001,37.769019999999784,-122.24244100000001,4180457.9771289104,566720.2187751422
060014272002,37.77113199999976,-122.247481,4180688.7208833843,566274.441081962
060014272003,37.77326899999974,-122.2519,4180922.699508375,565883.3572676475
060014272004,37.774437999999776,-122.255281,4181050.0240712855,565584.563834245
060014272005,37.78311299999976,-122.250522,4182015.865606594,565995.963425915
060014273001,37.77591799999976,-122.26257799999999,4181209.138554993,564940.6411953105
060014273002,37.78102899999977,-122.26589,4181773.910412816,564644.5165660658
060014273003,37.77741499999975,-122.267496,4181371.827456691,564506.2335555787
060014273004,37.776019999999754,-122.273074,4181213.219358913,564016.2164845949
060014273005,37.77927899999976,-122.27427599999999,4181573.98374126,563907.5559643803
060014276001,37.77846799999976,-122.281926,4181478.8030510503,563234.5757470455
060014276002,37.77719099999977,-122.28310699999999,4181336.321933841,563131.6599602711
060014276003,37.77835599999976,-122.28958599999999,4181461.2249462698,562560.1113350221
060014277001,37.77355799999974,-122.278514,4180936.350756135,563539.2475149569
060014277002,37.77146999999977,-122.282034,4180702.3017775835,563231.0251196959
060014277003,37.77133399999977,-122.28848499999998,4180682.8712550025,562662.9950899254
060014277004,37.77491499999977,-122.28562299999999,4181082.1042862153,562912.0196652272
060014278001,37.77217599999976,-122.264557,4180792.590941483,564769.6238371232
060014278002,37.76911899999976,-122.267362,4180451.478016586,564525.2438624477
060014278003,37.77140999999977,-122.27257199999998,4180702.083320509,564064.4032816546
060014278004,37.77383299999976,-122.273998,4180969.9395023463,563936.7274841847
060014278005,37.77309799999974,-122.268186,4180892.3801256754,564449.2171995201
060014279001,37.76959699999974,-122.253792,4180513.9595878976,565719.9812089532
060014279002,37.76714399999975,-122.25879599999999,4180238.295150289,565281.4195331042
060014279003,37.76983599999977,-122.25863,4180537.0885360856,565293.6730109483
060014279004,37.77286099999976,-122.26137499999999,4180870.7999724397,565049.2626808928
060014279005,37.77177699999977,-122.25674799999999,4180753.758058663,565457.7149847205
060014280001,37.76641299999976,-122.244791,4180167.056561193,566515.5802145982
060014280002,37.767598999999755,-122.24953,4180295.284272951,566097.1276593913
060014281001,37.75642499999975,-122.229904,4179069.576662566,567835.9048944785
060014281002,37.759919999999745,-122.23381299999998,4179454.5201331372,567488.3898834363
060014281003,37.76137799999978,-122.23965799999999,4179612.0851030075,566972.21984743
060014281004,37.76380599999976,-122.23844499999998,4179882.3408834445,567076.8716908657
060014282001,37.75389499999976,-122.235526,4178784.812219265,567342.9623248043
060014282002,37.753437999999754,-122.243226,4178728.5944241486,566665.0648575905
060014282003,37.75748899999976,-122.244983,4179176.802140478,566506.6598354212
060014282004,37.75892499999975,-122.24275699999998,4179337.7108744965,566701.4533841953
060014282005,37.756745999999765,-122.238972,4179098.6560039697,567036.824963674
060014283011,37.73247199999975,-122.237137,4176406.7782540326,567220.4191900701
060014283012,37.733347999999765,-122.243563,4176499.37535308,566653.3922254102
060014283013,37.735067999999764,-122.24634700000001,4176688.2299431744,566406.5403609438
060014283014,37.730853999999745,-122.23825599999999,4176226.4590804735,567123.2765729133
060014283021,37.74198899999976,-122.255419,4177449.7147541107,565601.0607551993
060014283022,37.74005799999975,-122.24469599999999,4177243.0407309397,566547.5496780165
060014283023,37.745687999999774,-122.24501499999998,4177867.4605609495,566514.4045259804
060014284001,37.75975499999976,-122.25175199999998,4179423.4247355666,565908.3844177332
060014284002,37.76224899999975,-122.24740399999999,4179703.2058350937,566289.1516211048
060014284003,37.76417399999977,-122.25194799999998,4179913.5745930215,565887.1995853969
060014285001,37.75919599999976,-122.25920000000002,4179356.1831273963,565252.8194798427
060014285002,37.76377099999976,-122.25829399999999,4179864.4112697905,565328.6008361651
060014286001,37.76231099999976,-122.267786,4179695.8384420634,564493.812765788
060014286002,37.76684999999978,-122.27385200000002,4180195.2755611185,563955.5999265326
060014286003,37.76483999999975,-122.268543,4179975.909141515,564424.9410373581
060014287001,37.78404999999975,-122.286441,4182095.0833465266,562832.2478717787
060014287002,37.784413999999735,-122.309386,4182120.2995349835,560811.508687195
060014301011,37.69854999999974,-122.050532,4172793.492515703,583701.8025672087
060014301012,37.71142599999977,-122.03392099999999,4174237.0621285713,585151.4721841847
060014301013,37.71892599999977,-122.02169899999998,4175080.3754740544,586220.0691937384
060014301021,37.720896999999745,-122.049457,4175273.863828409,583771.4108424885
060014302001,37.72285199999976,-122.05876599999999,4175482.484969609,582948.8089644482
060014302002,37.70712199999975,-122.061669,4173734.6662425785,582710.4544740395
060014302003,37.70667299999977,-122.069276,4173678.159647646,582040.4050977095
060014302004,37.711382999999756,-122.06890599999998,4174201.0597290765,582067.8254382658
060014302005,37.71692599999975,-122.068833,4174816.1217779443,582068.1452451523
060014303001,37.71836499999978,-122.085877,4174960.979381433,580564.3858817695
060014303002,37.71202699999975,-122.07928199999999,4174263.470453736,581152.5488904201
060014303003,37.71530699999976,-122.077281,4174629.1232416327,581325.3365189523
060014304001,37.71328899999976,-122.094071,4174390.778090522,579847.6567650923
060014304002,37.717730999999745,-122.094336,4174883.3930964936,579819.533426127
060014305001,37.707667999999764,-122.11139000000001,4173752.5036029527,578327.06312565
060014305002,37.69943899999975,-122.10379,4172845.8791112434,579005.7182279921
060014305003,37.69378799999975,-122.098674,4172223.228264436,579462.7620773852
060014306001,37.71002299999975,-122.09765799999998,4174025.3628469068,579534.9866621379
060014306002,37.69621999999977,-122.09375700000001,4172497.239734608,579893.6542932497
060014306003,37.70371999999974,-122.099028,4173324.8823226807,579420.9548354212
060014306004,37.70362099999975,-122.09114499999998,4173320.6109741745,580115.9650115893
060014307001,37.70857099999975,-122.08608299999999,4173874.155395709,580556.8337946176
060014307002,37.70621799999973,-122.07887399999998,4173619.314171125,581194.8492458217
060014307003,37.704141999999756,-122.085795,4173383.0050286492,580587.0158767804
060014308001,37.70266699999972,-122.070418,4173232.6934665423,581944.1497911201
060014308002,37.70151499999975,-122.064076,4173110.4454243327,582504.4968652802
060014308003,37.69762599999975,-122.061213,4172681.4854509807,582761.2083655281
060014308004,37.697667999999744,-122.06936,4172678.979725524,582042.9259548087
060014309001,37.69914799999976,-122.07896,4172834.8223432093,581194.9806828637
060014309002,37.69778799999977,-122.08690599999998,4172677.0734202536,580495.9504567254
060014310001,37.69290199999977,-122.073648,4172146.4455583305,581670.1261280561
060014310002,37.693353999999744,-122.082352,4172189.0438608886,580902.2459791593
060014311001,37.688719999999776,-122.06866899999999,4171686.80429739,582113.7120191983
060014311002,37.687583999999774,-122.06442099999998,4171564.496101366,582489.5170533782
060014312001,37.68662699999976,-122.076759,4171447.5278911977,581402.7038557674
060014312002,37.68183899999976,-122.08109399999998,4170912.5436802413,581025.6846450362
060014312003,37.68750599999976,-122.087153,4171536.07474823,580485.2888630105
060014321001,37.73840399999976,-122.14819999999999,4177132.517711174,575051.3398698246
060014321002,37.73518899999974,-122.147452,4176776.4127732893,575120.4954483376
060014321003,37.732856999999754,-122.145448,4176519.287020201,575299.4389181609
060014322001,37.73409299999974,-122.16013599999998,4176644.708495572,574003.9416683606
060014322002,37.73580499999975,-122.15551099999999,4176838.321405006,574409.7637541778
060014322003,37.72994899999974,-122.155211,4176188.8361956705,574442.0609475172
060014323001,37.73459999999976,-122.168036,4176694.744306849,573307.327133691
060014323002,37.73267899999976,-122.165235,4176483.806457366,573556.0382140438
060014323003,37.72944199999975,-122.166716,4176123.49876912,573428.7329082548
060014324001,37.719281999999744,-122.17989999999999,4174985.990759516,572276.8155347272
060014324002,37.70113599999974,-122.180857,4172971.9631562727,572210.0791705518
060014324003,37.70509499999972,-122.185842,4173407.3807959994,571766.8104622758
060014325011,37.71438699999975,-122.16323900000002,4174455.881822215,573750.0567563856
060014325012,37.719042999999765,-122.163749,4174972.062272913,573700.4930071515
060014325013,37.71827099999976,-122.168977,4174882.3073756904,573240.4906408131
060014325021,37.72498899999975,-122.17338799999999,4175624.227122339,572845.149762304
060014325022,37.722949999999756,-122.17360499999998,4175397.831691908,572828.0229032858
060014325023,37.72456399999975,-122.167476,4175581.689391545,573366.5730573065
060014326001,37.723126999999764,-122.15847199999999,4175429.347693981,574161.5021228823
060014326002,37.727414999999766,-122.152817,4175909.5950895706,574655.5660096062
060014326003,37.724839999999766,-122.15043799999998,4175625.7984661506,574867.8047108988
060014326004,37.72205899999976,-122.148428,4175318.8557088124,575047.7457404619
060014326005,37.71925999999975,-122.15375,4175004.0549185886,574581.5237245616
060014327001,37.72931799999975,-122.144258,4176127.5923373573,575407.887631274
060014327002,37.726295999999756,-122.13996299999998,4175795.7691996368,575789.4496433107
060014327003,37.725139999999755,-122.144162,4175664.1202912005,575420.5845106698
060014328001,37.72984899999976,-122.13389099999999,4176194.907562593,576320.8990176726
060014328002,37.72210599999975,-122.130809,4175338.337575682,576600.4629583171
060014328003,37.713693999999755,-122.12539999999998,4174409.4645376434,577085.8755929649
060014330001,37.72086999999975,-122.14096699999999,4175192.9421484787,575706.4949777531
060014330002,37.71659299999976,-122.136445,4174722.074738037,576109.4019309734
060014330003,37.712887999999765,-122.13275599999999,4174314.0097780665,576438.3446794158
060014330004,37.70920699999974,-122.12857399999999,4173909.0246505495,576810.7505349187
060014331021,37.704695999999764,-122.13353599999999,4173404.4726691376,576378.0023802415
060014331022,37.698159999999746,-122.13348,4172679.3512962284,576389.646268393
060014331031,37.709342999999755,-122.13925999999998,4173915.404359969,575868.6896880133
060014331032,37.710811999999756,-122.13503799999998,4174081.817876734,576239.3338624337
060014331041,37.71305899999975,-122.145753,4174322.4541304833,575292.6024265086
060014331042,37.71726799999974,-122.14395199999998,4174790.891416119,575447.0755040781
060014331043,37.71601999999974,-122.14745999999998,4174649.6055858172,575139.155549729
060014332001,37.69739699999976,-122.142675,4172587.2393211466,575579.8034699496
060014332002,37.69601999999974,-122.13632199999999,4172439.605759305,576141.2884622359
060014332003,37.69186499999977,-122.134959,4171979.7190523916,576265.7079609864
060014332004,37.702644999999755,-122.14904799999998,4173164.380430608,575012.6751500457
060014333001,37.69394999999976,-122.14799999999998,4172200.514193972,575113.8325290523
060014333002,37.699015999999766,-122.152865,4172758.695056309,574679.8355194042
060014333003,37.693979999999755,-122.15890799999998,4172195.1540789753,574152.1162861034
060014333004,37.69938299999974,-122.160514,4172793.343816139,574005.1548578257
060014333005,37.69497199999974,-122.15464099999998,4172308.6013466897,574527.3162812913
060014334001,37.69783199999975,-122.177698,4172607.8262711056,572491.7774643388
060014334002,37.69411499999975,-122.175728,4172196.953974382,572669.0780757163
060014334003,37.69385599999976,-122.180785,4172164.3080944195,572223.4887056252
060014334004,37.67609599999975,-122.16049599999998,4170209.6836017063,574029.8870801311
060014334005,37.68751599999974,-122.163212,4171474.580627587,573779.0656983167
060014334006,37.68123399999976,-122.160092,4170780.0589838414,574060.4054586106
060014335001,37.688786999999756,-122.157849,4171619.832964479,574250.6593882646
060014335002,37.68866099999974,-122.15327799999999,4171609.485065677,574653.8084952813
060014335003,37.683299999999754,-122.15497400000001,4171013.336484457,574509.6359948969
060014335004,37.67822599999976,-122.153297,4170451.715123484,574662.5927534648
060014336001,37.688865999999734,-122.148716,4171635.873838198,575055.8319467269
060014336002,37.688651999999756,-122.14127699999999,4171618.1150215957,575711.9422074427
060014336003,37.681738999999766,-122.14531500000001,4170847.8677875176,575362.9076583917
060014336004,37.685395999999756,-122.145468,4171253.486179705,575345.71694786
060014337001,37.68722599999975,-122.10512399999999,4171489.7258559316,578901.057741114
060014337002,37.687014999999754,-122.117147,4171456.2605524054,577841.1909681456
060014337003,37.686779999999736,-122.127082,4171421.9813592713,576965.4470232665
060014338001,37.70685799999976,-122.125647,4173650.8078136723,577071.1851369443
060014338002,37.70381199999974,-122.121241,4173316.4890216067,577462.7368288711
060014338003,37.69677499999975,-122.120854,4172536.0557734612,577504.1782623725
060014338004,37.69293799999976,-122.124955,4172106.957532668,577146.6089434533
060014339001,37.70108499999975,-122.11647399999998,4173017.881521598,577885.8105765304
060014339002,37.69873399999975,-122.11379799999999,4172759.266740473,578124.1812224544
060014339003,37.698288999999775,-122.111092,4172712.154044291,578363.2051504852
060014339004,37.69621799999975,-122.110108,4172483.2005820298,578452.1355832508
060014340001,37.69341799999975,-122.106994,4172175.1533468636,578729.6297264583
060014340002,37.69021399999975,-122.11312899999999,4171814.5334307374,578192.1063685894
060014340003,37.693512999999754,-122.115043,4172178.960838834,578019.8958731226
060014351021,37.65843299999976,-122.04136399999999,4168350.7430984117,584555.5638771489
060014351022,37.653180999999755,-122.04591999999998,4167763.9376954413,584159.6251188803
060014351031,37.654387999999756,-122.020289,4167921.1643838575,586419.198499168
060014351032,37.68764899999976,-122.03836599999998,4171594.962895977,584786.7532111363
060014351033,37.677958999999746,-122.03295199999998,4170524.7685971465,585275.2076329988
060014351041,37.63476299999975,-122.04575300000002,4165720.623326986,584195.1445114645
060014351042,37.631330999999754,-122.052359,4165333.938438996,583616.1158909565
060014351043,37.62972799999976,-122.04378999999999,4165163.758016638,584374.0411504733
060014352001,37.68699399999975,-122.05508299999998,4171507.2966369237,583313.5226906426
060014352002,37.68240599999974,-122.04757999999998,4171004.954982531,583980.2524375622
060014353001,37.68120699999976,-122.06996299999999,4170852.1048930213,582007.8921657031
060014353002,37.680813999999756,-122.066475,4170811.559372469,582315.8948508339
060014353003,37.68101399999974,-122.057847,4170841.3622468985,583076.4846321974
060014354001,37.675739999999756,-122.077903,4170238.6251151995,581313.7183310954
060014354002,37.67423899999976,-122.085049,4170065.9147531614,580685.1709836416
060014354003,37.67089899999977,-122.08706799999999,4169693.607494375,580510.7300045027
060014355001,37.68382899999975,-122.09579000000001,4171120.729766819,579727.6886541977
060014355002,37.68100499999975,-122.08987499999999,4170812.456448586,580252.2908414643
060014355003,37.67710599999974,-122.093918,4170376.4099136456,579899.9646120572
060014356011,37.67326499999976,-122.103409,4169942.2051468226,579067.089505345
060014356012,37.67705099999975,-122.09968399999998,4170365.408200909,579391.5560960039
060014356021,37.68372799999976,-122.10385099999999,4171102.696742525,579017.0114378512
060014356022,37.681176999999764,-122.10038899999999,4170822.588970757,579324.9928352352
060014356023,37.67928599999975,-122.107165,4170607.0700660576,578729.4917219224
060014356024,37.68252099999976,-122.111336,4170962.4961697883,578358.2855319523
060014357001,37.68239499999975,-122.11623600000001,4170944.4310194803,577926.3492235171
060014357002,37.684146999999754,-122.12483499999999,4171131.6993213687,577166.2976638755
060014357003,37.68009899999975,-122.11849699999999,4170687.813619719,577729.3762307694
060014357004,37.67508999999975,-122.112559,4170137.0092755156,578258.2508993995
060014358001,37.67818399999976,-122.123156,4170471.492016557,577320.5332790038
060014358002,37.67579099999975,-122.129894,4170200.4534611297,576728.8259931875
060014358003,37.67951399999974,-122.13212499999999,4170611.6935942206,576528.2606195954
060014358004,37.68288799999976,-122.13449499999999,4170984.104032107,576315.8157136476
060014359001,37.678811999999745,-122.144079,4170524.114070341,575474.8611568484
060014359002,37.674100999999744,-122.14126499999999,4170003.7023090515,575727.7919905717
060014359003,37.67027099999976,-122.146634,4169574.443686132,575258.1844234862
060014359004,37.674263999999745,-122.145803,4170018.130635071,575327.4347698677
060014360001,37.67403899999976,-122.136112,4170000.998849678,576182.2829386618
060014360002,37.66879999999974,-122.13793799999999,4169418.2541736383,576026.5984496832
060014360003,37.66556899999974,-122.136429,4169061.002698751,576162.9839888476
060014361001,37.66861499999976,-122.12762499999998,4169406.1419479065,576936.3269378883
060014361002,37.67240899999975,-122.11771099999999,4169835.2654627576,577806.7164770246
060014361003,37.673492999999745,-122.12727299999999,4169947.6408560476,576962.332732147
060014362001,37.66901099999974,-122.10748099999999,4169466.7999694594,578712.4807407244
060014362002,37.668266999999766,-122.11413,4169378.691997064,578126.8642605966
060014363001,37.670257999999755,-122.09535400000001,4169615.4049629997,579780.6650961094
060014363002,37.666734999999754,-122.08764099999999,4169231.1221541218,580464.6925010218
060014363003,37.66133499999975,-122.08715799999999,4168632.4103894127,580513.124168813
060014363004,37.66518699999975,-122.09242699999999,4169055.2757405243,580044.2489665927
060014364011,37.67718899999974,-122.056057,4170418.5672053597,583238.5995686288
060014364012,37.674352999999755,-122.065044,4170095.9707592144,582449.2300835316
060014364013,37.67107499999976,-122.06589499999998,4169731.5295733227,582377.806880321
060014364014,37.66838299999975,-122.07179499999998,4169427.6850707796,581860.4371618937
060014364015,37.665645999999775,-122.072142,4169123.7133242143,581832.8390959653
060014364021,37.669729999999745,-122.04542699999999,4169600.4855814143,584184.4215294546
060014364022,37.66270899999978,-122.04098900000001,4168825.50200095,584583.7890319502
060014365001,37.66104299999975,-122.07647299999998,4168609.241781224,581455.8864062654
060014365002,37.65816799999974,-122.06698,4168298.5513825025,582296.3699989979
060014366011,37.659688999999744,-122.082884,4168453.4663861026,580891.8875080093
060014366012,37.65847499999975,-122.07903399999998,4168322.10221209,581232.7973182471
060014366013,37.652399999999766,-122.075468,4167651.180570569,581553.9842867046
060014366021,37.65058499999975,-122.086561,4167440.219367999,580577.3984400228
060014366022,37.65259099999975,-122.08167899999998,4167666.9889334426,581005.8855850521
060014367001,37.66162099999974,-122.097632,4168655.1997537003,579588.9870599662
060014367002,37.66234199999975,-122.101988,4168731.505587689,579204.013042322
060014368001,37.65464699999975,-122.09160399999999,4167886.573857278,580128.1643807442
060014368002,37.65269199999975,-122.09642,4167665.5643716916,579705.4334776438
060014369001,37.66313599999976,-122.10857700000001,4168814.05373653,578622.018420427
060014369002,37.658798999999746,-122.104939,4168335.9241208835,578947.4837647321
060014369003,37.656636999999755,-122.109348,4168092.349394805,578560.8648824099
060014369004,37.66294699999977,-122.11337899999998,4168789.0685704355,578198.6796578644
060014370001,37.64601099999975,-122.097779,4166923.1600896604,579592.6829138207
060014370002,37.641642999999746,-122.099755,4166436.8605312426,579423.0102292252
060014370003,37.64681999999975,-122.10334699999999,4167008.2075489783,579100.6133516367
060014371011,37.61815399999974,-122.10925899999998,4163822.786162948,578609.252799619
060014371012,37.62042599999975,-122.093648,4164088.0505533214,579984.542465177
060014371013,37.627610999999746,-122.104322,4164876.172015604,579034.9459209999
060014371021,37.628288999999754,-122.09730299999998,4164957.330152562,579653.5944793107
060014371022,37.625951999999764,-122.098169,4164697.30857678,579579.6692230465
060014371023,37.633039999999745,-122.103072,4165479.565477277,579139.4910503017
060014372001,37.64864799999976,-122.11438999999999,4167201.766507038,578124.490965626
060014372002,37.64326099999977,-122.110139,4166607.6345703895,578505.172670692
060014372003,37.636548999999775,-122.105868,4165866.529608895,578889.0736181849
060014372004,37.63865699999976,-122.11350099999999,4166094.0183540876,578213.3918441415
060014373001,37.64014899999975,-122.092964,4166276.874321347,580023.7533476925
060014373002,37.63430799999975,-122.091876,4165629.7510120515,580126.0177122627
060014373003,37.63524499999974,-122.096695,4165729.605369642,579699.8155095673
060014374001,37.64484599999975,-122.090126,4166800.4261028673,580269.0882237824
060014374002,37.64179199999976,-122.086006,4166465.1216336023,580635.8640177898
060014375001,37.64390499999974,-122.082361,4166702.6963290735,580955.1528564481
060014375002,37.643666999999745,-122.07811,4166679.967765863,581330.4486921057
060014376001,37.635818999999756,-122.078884,4165808.569556002,581270.7132009555
060014376002,37.635461999999755,-122.082223,4165766.0736435778,580976.4918569693
060014377011,37.63769699999976,-122.06919099999999,4166025.372507837,582123.8854017584
060014377012,37.63401999999974,-122.068156,4165618.319672104,582219.2558997184
060014377013,37.63336799999975,-122.073384,4165541.4124041935,581758.6785920212
060014377021,37.63938399999975,-122.074142,4166208.220919811,581685.2091055228
060014377022,37.63631199999975,-122.071862,4165869.3733985033,581889.7419595683
060014378001,37.64460999999975,-122.07049400000001,4166791.2234515212,582001.3213770393
060014378002,37.63973899999975,-122.062951,4166257.4112151186,582672.1808918926
060014379001,37.63996799999976,-122.057379,4166287.743614567,583163.5327921906
060014379002,37.64370099999974,-122.063106,4166696.85503734,582654.115289011
060014380001,37.617212999999744,-122.02847,4163789.1167293927,585740.2546247903
060014380002,37.61906099999976,-122.032552,4163990.4292220203,585377.8844044695
060014381001,37.62329199999974,-122.045383,4164448.2590943556,584240.7387747657
060014381002,37.62045699999974,-122.040943,4164137.713746768,584635.7728850119
060014381003,37.61778999999974,-122.03826000000001,4163844.2359590703,584875.5826317079
060014381004,37.614858999999754,-122.03500500000001,4163521.993306111,585166.1935328437
060014381005,37.61113599999975,-122.028395,4163114.948771613,585753.852761411
060014381006,37.61115699999975,-122.033142,4163112.9527296983,585334.8482941042
060014382011,37.62795099999974,-122.07873899999998,4164935.7499192827,581292.0779385499
060014382012,37.62305399999976,-122.076086,4164394.7357282173,581531.5330207674
060014382013,37.62822599999975,-122.074439,4164969.9947282947,581671.2174946356
060014382031,37.621532999999765,-122.06821899999998,4164232.846534078,582227.4538920763
060014382032,37.62822399999974,-122.06800799999999,4164975.389645232,582238.7019799136
060014382041,37.62909899999974,-122.06173200000002,4165077.988868389,582791.5363614759
060014382042,37.63064299999976,-122.05693799999999,4165253.534756369,583212.8407327197
060014382043,37.624771999999744,-122.058802,4164600.502323287,583054.8967875756
060014383001,37.62893099999974,-122.085705,4165038.4676365815,580676.3251732812
060014383002,37.62694299999975,-122.087984,4164815.9446902825,580477.3681944179
060014383003,37.62897399999975,-122.09252,4165037.4008629364,580074.9184033637
060014384001,37.62233599999976,-122.08359999999999,4164308.5731574474,580869.2173117823
060014384002,37.620564999999736,-122.082797,4164112.7754633278,580942.0011982967
060014401001,37.59594699999975,-122.001607,4161454.554665665,588136.14257551206
060014402001,37.59965599999976,-122.019686,4161849.248043409,586535.8278257358
060014402002,37.596092999999776,-122.02303499999998,4161450.856741974,586244.3051021989
060014402003,37.601725999999765,-122.02533499999998,4162073.7205269835,586034.7739089713
060014402004,37.60375499999975,-122.02182199999999,4162302.0604267293,586342.5328001707
060014403011,37.60129899999975,-122.05985399999999,4161995.2748377128,582988.1455383046
060014403012,37.60281399999977,-122.05440699999998,4162168.190152145,583467.2790944885
060014403013,37.60033799999975,-122.04888199999999,4161898.4077763245,583957.7638503836
060014403014,37.60681899999975,-122.027512,4162636.7897627903,585836.7499577429
060014403041,37.589741999999745,-122.079011,4160696.2874025647,581309.6649263047
060014403042,37.58934999999976,-122.07435599999998,4160656.8360739253,581721.0702229775
060014403043,37.58336099999973,-122.079078,4159988.2703579306,581310.6910846746
060014403051,37.580811999999746,-122.07182199999998,4159711.7699229387,581954.1517894279
060014403052,37.578469999999754,-122.07356599999999,4159450.4098303732,581802.7230940431
060014403053,37.57499299999977,-122.076459,4159062.1290021436,581551.062096795
060014403061,37.58563499999975,-122.06709199999999,4160251.009396471,582366.4856377386
060014403062,37.58360999999976,-122.070777,4160023.11455107,582043.3520508879
060014403071,37.590865999999735,-122.05277,4160844.035467995,583625.1519380681
060014403072,37.59228799999976,-122.04567300000001,4161008.147187389,584250.1144470342
060014403073,37.591475999999744,-122.04406099999999,4160919.5045150523,584393.3458266323
060014403081,37.587257999999764,-122.031502,4160462.8842546036,585506.9473834123
060014403082,37.59156899999975,-122.02442699999999,4160947.647871784,586126.6336609579
060014403083,37.595381999999745,-122.02948599999999,4161366.0669614016,585675.6262845604
060014403084,37.58501099999973,-122.02467899999999,4160219.816796031,586111.9415121195
060014403311,37.59461899999977,-122.081491,4161235.2368943165,581085.4207798406
060014403312,37.59444399999974,-122.074611,4161221.7838971918,581692.9879461823
060014403321,37.59108599999975,-122.084491,4160840.671256629,580824.3979903318
060014403322,37.57861699999978,-122.082452,4159459.018421021,581017.9259781155
060014403331,37.603635999999746,-122.07473000000002,4162241.5166141735,581672.4330835268
060014403332,37.60081999999977,-122.07202299999999,4161931.4444069806,581914.4698771127
060014403341,37.59291699999975,-122.06761399999999,4161058.475971107,582312.3765266346
060014403342,37.59379699999975,-122.06295,4161160.208663231,582723.1564056058
060014403351,37.594455999999745,-122.010162,4161281.134831675,587382.6484552142
060014403352,37.58770899999975,-122.013828,4160529.1595584494,587066.8671526273
060014403361,37.58393199999975,-122.02037799999998,4160104.055342152,586492.938635275
060014403362,37.580736999999765,-122.01765199999998,4159752.0888884566,586737.3362643773
060014411001,37.573836999999735,-121.964347,4159037.098881026,591452.5199001089
060014411002,37.58194199999975,-121.97361600000002,4159927.3558101747,590624.1805823509
060014412001,37.57482699999975,-121.98279899999999,4159129.1361366673,589821.8966593938
060014412002,37.57625999999976,-121.98968299999999,4159281.565875049,589212.2926821072
060014412003,37.583754999999755,-121.999714,4160103.6465313165,588317.6643157233
060014413011,37.57611199999976,-122.01315399999999,4159243.1155206445,587139.8919520547
060014413012,37.56647899999974,-122.00159600000002,4158185.133742403,588171.8631455647
060014413021,37.57275399999976,-122.02557,4158859.107229594,586047.3782645897
060014413022,37.56996799999977,-122.02056399999998,4158554.602202995,586492.6681191055
060014413023,37.56422999999974,-122.01144799999999,4157926.4123190013,587304.4078057185
060014413024,37.56767699999974,-122.015293,4158305.2851970014,586960.818622078
060014414011,37.57819599999977,-122.03662299999999,4159452.8212559866,585065.1239739062
060014414012,37.575256999999745,-122.03369299999999,4159129.4017977174,585327.2000313811
060014414013,37.575405999999745,-122.044285,4159136.3655875395,584391.7105605713
060014414014,37.569243999999735,-122.038225,4158458.164622693,584933.8330175497
060014414021,37.58340799999976,-122.04517,4160023.3778508217,584304.5373936753
060014414022,37.58042399999974,-122.040132,4159696.8420757367,584752.7498641366
060014414023,37.58362499999975,-122.033158,4160058.302596751,585364.8875975045
060014415011,37.576800999999755,-122.064869,4159272.846568794,582572.5158426506
060014415012,37.569281999999745,-122.07106,4158433.2065163595,582034.0831566891
060014415031,37.50571599999977,-121.97665,4151467.305560333,590448.3430431843
060014415032,37.55994199999977,-122.05941499999999,4157407.185352776,583072.841319943
060014415211,37.57472299999974,-122.049714,4159055.7251085658,583913.0731334354
060014415212,37.56958899999973,-122.049308,4158486.481011012,583954.688559069
060014415213,37.56993399999975,-122.056148,4158518.668304806,583350.2560875539
060014415214,37.57597199999976,-122.055692,4159188.9764484456,583383.7927391041
060014415221,37.58071499999975,-122.05921099999999,4159712.0851974906,583067.7827047942
060014415222,37.584764999999756,-122.05426899999999,4160165.8067632555,583499.627113153
060014415223,37.587306999999754,-122.05921999999998,4160443.4470597887,583059.6628557052
060014415231,37.56537799999975,-122.04851900000001,4158019.9847828057,584029.0968460449
060014415232,37.56298199999974,-122.04775999999998,4157754.8327907133,584098.8224794888
060014415233,37.56520099999976,-122.04431800000002,4158004.1119703003,584400.3125928672
060014415241,37.56381299999975,-122.054943,4157840.6263767458,583463.5004964133
060014415242,37.559938999999744,-122.05333899999998,4157412.240701879,583609.49203553
060014416011,37.566957999999744,-122.031984,4158210.1972357514,585487.598775002
060014416012,37.56367899999976,-122.02783299999999,4157850.1833372354,585857.9553935133
060014416013,37.56052799999975,-122.03217999999998,4157496.6236409154,585477.6363289757
060014416021,37.56230799999975,-122.021186,4157704.167480545,586446.5913057709
060014416022,37.55856499999975,-122.016662,4157293.0602962123,586850.4958466836
060014416023,37.55325999999976,-122.022268,4156699.315903229,586361.4722432296
060014416024,37.55623099999974,-122.024048,4157027.307983516,586200.8211887216
060014417001,37.56115699999976,-122.005004,4157591.4750750894,587877.1371699735
060014417002,37.55009099999974,-122.01155099999998,4156357.6228197776,587311.8088206004
060014417003,37.547594999999745,-122.018995,4156073.8088149033,586657.1375749791
060014417004,37.55438499999975,-122.013291,4156832.4183127983,587153.1059972767
060014418001,37.557099999999764,-121.99858299999998,4157147.382095367,588449.0450967639
060014418002,37.55836199999975,-121.99297799999998,4157292.6883415375,588942.6134621237
060014418003,37.56034099999976,-121.98593299999999,4157518.9455603897,589562.4925329977
060014418004,37.56351599999974,-121.989967,4157867.369498315,589202.4136816139
060014419211,37.54055199999977,-121.965783,4155342.784194401,591366.3481226538
060014419212,37.543450999999735,-121.970469,4155659.8792346716,590948.8368406212
060014419231,37.55571799999976,-121.98487899999999,4157007.036796454,589661.124377496
060014419232,37.54774799999974,-121.99049499999998,4156117.4378461167,589174.5712837616
060014419233,37.55213199999972,-121.98857799999999,4156605.6544329813,589338.6805242627
060014419241,37.56068299999974,-121.97622299999999,4157566.1880791793,590419.6908515702
060014419242,37.56412099999976,-121.97156299999999,4157952.122704503,590827.0977716881
060014419243,37.567013999999745,-121.96712899999999,4158277.391855608,591215.1723523171
060014419244,37.56659499999975,-121.97781100000002,4158220.5884116837,590272.3004224314
060014419251,37.55578699999976,-121.97154299999998,4157027.4980090177,590838.9828132857
060014419252,37.55819199999974,-121.96707500000001,4157298.6566462065,591230.6997286702
060014419261,37.54154399999975,-121.98068500000001,4155438.467391797,590048.6237189071
060014419262,37.53995799999976,-121.97575499999999,4155267.2371542994,590486.0801562112
060014419271,37.54383899999975,-121.976206,4155697.3925319877,590441.5470429683
060014419272,37.546249999999766,-121.976051,4155965.037513091,590452.32658541
060014420001,37.560175999999736,-121.94882899999999,4157536.6471302886,592839.8197344468
060014420002,37.55015099999976,-121.93656399999999,4156436.5743470127,593935.6857705687
060014421001,37.55226699999975,-121.94903999999998,4156658.946665446,592830.9955979285
060014421002,37.543353999999766,-121.951034,4155668.096348184,592665.8955068472
060014422001,37.53704899999977,-121.948491,4154971.077193733,592898.3745378341
060014422002,37.54238499999976,-121.936554,4155574.9584512915,593946.315999297
060014422003,37.53731299999975,-121.939531,4155009.2578158723,593689.6627734106
060014422004,37.53052899999975,-121.944809,4154251.3393052155,593231.797428263
060014423011,37.526864999999745,-121.96376999999998,4153826.1970366137,591560.9222044204
060014423012,37.52989499999974,-121.96124099999999,4154164.8343738066,591780.6770975624
060014423013,37.528147999999746,-121.955542,4153976.585484948,592286.3855005635
060014423021,37.53879799999975,-121.959423,4155154.3807150703,591930.3825035321
060014423022,37.53331499999975,-121.965434,4154540.1924175224,591406.0151942035
060014423023,37.53595999999976,-121.959243,4154839.685995505,591949.7703278875
060014424001,37.53733499999974,-121.971034,4154980.7744926256,590906.349368373
060014424002,37.53364999999974,-121.972745,4154570.278438407,590759.6493435805
060014424003,37.526235999999734,-121.973297,4153747.1784838024,590719.858030323
060014424004,37.530083999999746,-121.978413,4154169.1829186617,590263.1564246968
060014425001,37.53457499999974,-121.981411,4154664.5762344575,589992.8614236915
060014425002,37.53421799999975,-121.98706599999998,4154619.57081298,589493.6523402359
060014425003,37.54214999999975,-121.98678299999999,4155499.8787233634,589509.173209804
060014425004,37.53773099999976,-121.99297799999998,4155003.720179087,588967.1335763788
060014426011,37.54762799999975,-121.99518399999998,4156099.6863282984,588760.499963779
060014426012,37.54114999999974,-121.998812,4155377.546533229,588447.6657100015
060014426021,37.55286699999976,-122.00340399999999,4156673.212934809,588028.2040961036
060014426022,37.546275999999736,-122.00649099999998,4155939.068671487,587763.2543333867
060014427001,37.540230999999736,-122.011033,4155264.1589030325,587369.0738132199
060014427002,37.53625399999974,-122.003175,4154830.2508702683,588067.9750788326
060014427003,37.53506399999975,-122.008047,4154693.671198463,587638.9228200543
060014428001,37.52854099999975,-121.99192299999999,4153985.1092508677,589071.2720197946
060014429001,37.52288899999975,-121.975679,4153373.5414505447,590513.4218960587
060014429002,37.514819999999744,-121.969289,4152484.473081146,591087.894866396
060014429003,37.51505799999977,-121.971849,4152508.4029455483,590861.3628946212
060014429004,37.523697999999754,-121.982989,4153456.288593809,589866.4905259414
060014430011,37.51906799999976,-121.951827,4152972.8303343975,592625.872081903
060014430021,37.512206999999734,-121.95799899999999,4152205.558300107,592088.8750676381
060014430022,37.51520099999974,-121.96021699999999,4152535.5668545207,591889.1780539053
060014430023,37.519837999999744,-121.962171,4153048.124581913,591710.8156680497
060014431021,37.51086299999976,-121.92479799999998,4152089.460717902,595024.8709592075
060014431022,37.50400799999974,-121.922493,4151331.2434366196,595237.2995049504
060014431023,37.50138299999976,-121.925858,4151036.60499748,594943.1934960104
060014431024,37.51125799999975,-121.93456099999999,4152123.4689940233,594161.5081111921
060014431031,37.52809499999975,-121.91012499999998,4154016.242145359,596299.5395659957
060014431032,37.510969999999745,-121.913369,4152112.937152013,596034.8445643806
060014431041,37.52822999999975,-121.927055,4154014.0188262556,594803.4161858164
060014431042,37.52983199999975,-121.92223899999999,4154196.6237783353,595226.9250996459
060014431043,37.535054999999744,-121.926519,4154771.7814863785,594842.1337656118
060014431051,37.524636999999764,-121.937079,4153605.3245574543,593922.1928770677
060014431052,37.51941599999975,-121.92447899999999,4153038.7214387776,595042.215786953
060014432001,37.49475599999975,-121.910208,4150317.258596401,596335.0511875724
060014432002,37.47400299999975,-121.89700399999998,4148028.3576034824,597529.2684806611
060014433011,37.474006999999744,-121.916798,4148008.4830408334,595778.9803130678
060014433012,37.469190999999746,-121.911966,4147479.08661972,596212.4229275072
060014433211,37.486695999999746,-121.92533299999998,4149407.646900491,595008.2050899083
060014433212,37.48999599999972,-121.924328,4149774.788605203,595092.8731558833
060014433221,37.48482399999974,-121.92076200000001,4149204.5764367958,595414.7075769311
060014433222,37.47952899999973,-121.91939299999999,4148618.498010229,595542.4866784617
060014441001,37.55135299999973,-122.03047499999998,4156480.229560837,585638.7255664638
060014441002,37.55364699999974,-122.03530199999999,4156730.356809036,585209.731184194
060014441003,37.54540099999975,-122.03431799999998,4155816.3748471625,585306.0462786767
060014441004,37.55105599999975,-122.04287099999999,4156436.0566496723,584544.0883382101
060014442001,37.54107399999977,-122.03909799999998,4155331.9782690983,584888.6887032961
060014442002,37.53872899999975,-122.046496,4155065.152834228,584237.7519732271
060014442003,37.54540399999974,-122.04808300000002,4155804.3062062943,584090.0463292954
060014443011,37.537024999999744,-122.051193,4154871.9008911,583824.6911119969
060014443012,37.53500499999975,-122.05583099999998,4154643.662883718,583417.1761897434
060014443021,37.52664099999974,-122.042057,4153728.0081465626,584643.588477735
060014443022,37.52682199999974,-122.048818,4153742.026289065,584045.9708794514
060014444001,37.540876999999746,-122.030221,4155318.1735247183,585673.1517809327
060014444002,37.536255999999746,-122.034869,4154801.2600814817,585267.7859870016
060014444003,37.532754999999746,-122.03952999999998,4154408.616949591,584859.95133916
060014445001,37.54245699999974,-122.02268299999999,4155500.3662814396,586337.2756078097
060014445002,37.53765999999976,-122.024385,4154966.589119467,586192.4376500287
060014445003,37.532895999999745,-122.027803,4154434.907678801,585895.9254224545
060014445004,37.52903399999975,-122.034218,4154000.588785967,585333.5311169948
060014446011,37.52612899999976,-122.014353,4153696.4967526076,587092.1638699116
060014446012,37.531601999999744,-122.01633600000001,4154301.877682508,586910.5897068547
060014446021,37.51771899999976,-121.99599099999999,4152780.5901487214,588724.639904144
060014446022,37.520913999999756,-122.003779,4153127.7499426072,588032.6392810867
060014501011,37.70670699999976,-121.885743,4173858.535192053,598218.6953960172
060014501021,37.717018999999745,-121.90100200000002,4174986.778961259,596860.1884728065
060014501022,37.718915999999766,-121.88435999999999,4175214.5993073047,598324.4703198075
060014501023,37.71343399999976,-121.879723,4174611.239065415,598740.4315318562
060014502001,37.72353899999974,-121.920285,4175690.414119842,595152.2883880187
060014502002,37.723789999999745,-121.912434,4175726.2707857406,595843.8727838825
060014502003,37.714498999999776,-121.91263199999999,4174695.2145079677,595838.3934656486
060014503001,37.71809399999975,-121.92388499999998,4175082.6292550005,594841.9637634145
060014503002,37.710814999999776,-121.91724900000001,4174281.7535465066,595436.1737227977
060014504001,37.72246499999975,-121.93199,4175559.4210447175,594122.0879081606
060014504002,37.716005999999766,-121.930425,4174844.3584656725,594268.1984851873
060014504003,37.71380899999977,-121.93607,4174594.930359327,593773.4247519358
060014505011,37.70779999999975,-121.94541500000001,4173918.907243048,592957.251674922
060014505012,37.706048999999744,-121.940838,4173729.1837713486,593362.9035306508
060014505021,37.715175999999744,-121.94730099999998,4174735.4145765933,592781.8054992912
060014505022,37.70311299999975,-121.95748499999999,4173386.968561534,591899.0893535549
060014506011,37.61204299999974,-121.90044,4163340.1714740195,597046.3181121807
060014506012,37.665947999999766,-121.924154,4169296.693141134,594884.6859013549
060014506021,37.69220199999975,-121.92171099999999,4172212.0769218924,595066.6417192197
060014506022,37.68739299999976,-121.923797,4171676.3980777017,594888.8534749695
060014506023,37.67740299999975,-121.917486,4170574.405682198,595458.1141359686
060014506024,37.67777799999974,-121.91927199999999,4170614.194826646,595300.1367952016
060014506025,37.653532999999754,-121.903076,4167940.780147939,596759.8404966673
060014506031,37.68866099999974,-121.907712,4171833.494211904,596305.4720458342
060014506032,37.67619699999978,-121.90593599999998,4170452.424745291,596478.2080933267
060014506033,37.68321899999975,-121.908007,4171229.394156574,596286.4974010949
060014506034,37.68083599999974,-121.909925,4170963.0285372953,596120.447774262
060014506041,37.682407999999725,-121.89095400000001,4171157.0705186687,597791.2582950568
060014506042,37.681977999999745,-121.878598,4171122.3266060846,598881.3673342476
060014506043,37.67993799999974,-121.88302700000001,4170891.321797609,598493.5182480526
060014506044,37.67807399999975,-121.889404,4170677.8258682303,597933.633606906
060014506051,37.67136999999975,-121.87813099999998,4169945.8469589963,598936.6344557324
060014506052,37.67169999999975,-121.88421099999998,4169976.0611059223,598399.9914532796
060014506053,37.67446499999974,-121.88970799999998,4170277.0850726785,597911.5688799082
060014506061,37.67139899999976,-121.903833,4169922.248107887,596669.8886795237
060014506062,37.66567799999976,-121.903506,4169287.834637416,596706.1515457882
060014506063,37.669823999999736,-121.892901,4169758.830076489,597636.0652684537
060014506071,37.65470999999976,-121.88659,4168088.507640984,598212.5692712107
060014506072,37.66238899999975,-121.877504,4168950.0558988233,599003.861531233
060014507011,37.65093999999976,-121.875303,4167682.103560296,599213.2311085489
060014507012,37.63933499999974,-121.877665,4166392.0229312833,599020.2711289141
060014507013,37.63893399999975,-121.857871,4166368.610109264,600767.2372789585
060014507014,37.642061999999754,-121.81054800000001,4166767.5541266534,604938.1796050412
060014507411,37.664181999999755,-121.863681,4169163.677985231,600220.6762365262
060014507412,37.66055599999974,-121.865044,4168759.9125237796,600105.3287022286
060014507413,37.65568999999975,-121.86705799999999,4168217.8757371875,599934.20710117
060014507421,37.659871999999744,-121.854981,4168694.813370942,600993.8617525257
060014507422,37.660140999999754,-121.84921299999999,4168730.887821625,601502.2665678675
060014507423,37.665663999999744,-121.844556,4169348.7245497955,601905.488027199
060014507431,37.69383799999973,-121.889679,4172426.577383277,597888.6597553275
060014507432,37.691253999999745,-121.88218399999998,4172147.7355371234,598552.8792434284
060014507441,37.695454999999775,-121.87131099999999,4172625.3361374307,599505.9199430969
060014507442,37.69753999999974,-121.861117,4172867.546940288,600401.8471690761
060014507451,37.690417999999745,-121.865876,4172072.2582873777,599991.8534973261
060014507452,37.68245999999976,-121.866932,4171188.178330669,599909.422532782
060014507461,37.67447099999974,-121.86941700000001,4170299.140272798,599700.9900569578
060014507462,37.67142299999976,-121.870887,4169959.397785267,599575.4266461469
060014507501,37.70700499999977,-121.863099,4173915.585445598,600214.3664852678
060014507511,37.71448899999976,-121.864027,4174744.9588915785,600122.4918986076
060014507521,37.72159699999975,-121.856274,4175541.925729243,600796.2171173596
060014511011,37.72074199999975,-121.713609,4175610.2243955135,613371.0491882074
060014511012,37.71690999999975,-121.720489,4175176.741096422,612770.4913968213
060014511013,37.66793499999975,-121.63062999999998,4169854.773938184,620770.0624253138
060014511014,37.69510199999976,-121.69689900000002,4172785.732245877,614883.3646757207
060014511015,37.655839999999735,-121.743187,4168373.7503522127,610860.7866577262
060014511021,37.65634499999975,-121.777253,4168390.0511795008,607855.0485814485
060014511022,37.65175099999975,-121.78400399999998,4167872.594118171,607266.1484958753
060014512011,37.71066899999977,-121.73134600000002,4174471.2598730936,611822.9438790777
060014512012,37.71213299999975,-121.74118500000002,4174621.9931368423,610953.486157985
060014512013,37.70998799999976,-121.748544,4174375.3048358387,610308.0088449098
060014512021,37.72222799999976,-121.75317399999999,4175727.931030317,609881.8048713537
060014512022,37.72474299999975,-121.728396,4176036.3485591365,612061.7709545534
060014512023,37.7199849999998,-121.728397,4175508.429326649,612068.8525445621
060014513001,37.69468799999976,-121.79224799999999,4172627.1511076367,606477.5143404314
060014513002,37.68546399999975,-121.796595,4171598.7939938353,606107.4049018536
060014513003,37.68305299999976,-121.799891,4171327.5608608373,605820.2027586375
060014514011,37.69504599999975,-121.778241,4172682.8838854698,607711.9252240974
060014514012,37.694750999999734,-121.75715599999998,4172674.6038371874,609571.3151801622
060014514013,37.68914899999976,-121.76397,4172045.0984669,608978.7567319069
060014514031,37.69142099999976,-121.780681,4172277.87788801,607502.0375110646
060014514032,37.69110399999976,-121.786762,4172235.7460880955,606966.3372136132
060014514041,37.683909999999756,-121.787602,4171436.595068454,606902.6023009876
060014514042,37.68434499999975,-121.781486,4171491.854083272,607441.2707434094
060014514043,37.68662999999976,-121.77288299999998,4171755.279452102,608196.5413575877
060014515011,37.67780099999975,-121.75522500000001,4170796.2135325433,609766.5443027753
060014515012,37.674929999999755,-121.734051,4170502.677836885,611638.0859219201
060014515031,37.68416699999976,-121.743416,4171516.435812272,610798.4555224999
060014515032,37.68355199999978,-121.749941,4171440.5047821524,610224.0048741648
060014515033,37.68364099999977,-121.75338799999999,4171446.330684501,609919.9218904006
060014515034,37.68251199999975,-121.75850999999999,4171315.0693191974,609469.9313179847
060014515041,37.69107199999975,-121.73650199999999,4172290.764195189,611397.7875324973
060014515051,37.68729599999975,-121.72068899999998,4171890.7235779255,612797.7381283793
060014515052,37.69044099999976,-121.72719699999999,4172231.8568394044,612219.1591305376
060014515061,37.68315499999974,-121.730405,4171419.615031012,611947.260635097
060014515062,37.68104899999975,-121.722392,4171195.550514326,612657.0268095135
060014516011,37.67814199999977,-121.763945,4170823.8712773416,608997.0691579357
060014516012,37.667166999999765,-121.760519,4169610.157215298,609315.2924832224
060014516021,37.678439999999746,-121.78006,4170838.3156299563,607575.5402203689
060014516022,37.67528499999976,-121.77323699999998,4170496.1141481833,608181.8043906161
060014516023,37.669230999999755,-121.774838,4169822.561799008,608049.3943884012
060014516024,37.663293999999745,-121.773788,4169165.0489521003,608150.6153615863
060014517011,37.674687999999755,-121.791061,4170409.452354359,606610.7934837294
060014517012,37.670101999999765,-121.78939099999998,4169902.526307163,606764.640180894
060014517013,37.67025199999977,-121.782786,4169926.7125110445,607346.9470011828
060014517031,37.673698999999736,-121.79818399999999,4170291.6425829795,605984.0320676838
060014517032,37.664420999999756,-121.801894,4169258.041152135,605670.0041172706
060014517041,37.658625999999735,-121.788455,4168630.3066624906,606863.6440626042
060014517042,37.66434899999975,-121.79070499999999,4169262.7230206137,606656.9867673388
060014517043,37.664245999999764,-121.782374,4169260.805488389,607391.9380774123
060019819001,37.80270299999976,-122.289215,4184162.779352834,562572.2466584134
060019820001,37.79812299999973,-122.28526799999999,4183657.275772141,562923.601225691
060019832001,37.795296999999735,-122.27289299999998,4183352.131752067,564015.5252165055
060019900000,37.68369699999977,-122.22814900000002,4171001.726407618,568057.0093122064
